ID,W,G,H,1B,2B,3B,HR,BB,SO,SB,BA,SLG,OPS,OBA
1,90,159,1382,1001,224,33,124,580,834,104,0.252466204,0.373401535,0.697484785,0.324083251
3,57,159,1338,1003,171,39,125,383,872,63,0.249347745,0.365635483,0.664991892,0.29935641
5,81,159,1423,1111,189,38,85,479,631,75,0.26293422,0.359016999,0.681882387,0.322865388
7,69,159,1400,1026,223,45,106,488,698,64,0.260950606,0.378564772,0.701134394,0.322569622
9,95,160,1500,1038,284,44,134,565,741,66,0.275330396,0.417400881,0.760823465,0.343422584
11,56,160,1327,964,229,37,97,522,702,123,0.24766704,0.358529302,0.672985084,0.314455782
13,95,160,1445,987,273,42,143,432,890,121,0.264409881,0.408234218,0.726531657,0.318297439
15,73,160,1505,1055,290,33,127,454,668,97,0.275489658,0.410397218,0.741477157,0.331079939
17,83,160,1588,1093,297,36,162,475,720,79,0.283419597,0.43601642,0.775437282,0.339420862
19,79,160,1517,1167,221,40,89,617,625,118,0.277330896,0.381170018,0.731753228,0.35058321
21,54,160,1319,967,228,28,96,432,848,95,0.242463235,0.347610294,0.645805117,0.298194823
23,85,160,1327,932,240,45,110,553,947,119,0.24670013,0.369399517,0.686324668,0.316925152
25,77,160,1395,978,232,26,159,442,879,123,0.25262586,0.390438247,0.698453002,0.308014755
27,82,161,1345,1038,198,24,85,540,805,27,0.246472421,0.338281107,0.652604935,0.314323829
29,86,161,1492,1147,216,46,83,531,752,172,0.265480427,0.364590747,0.693480359,0.328889611
31,67,161,1323,1009,179,28,107,543,759,55,0.243915929,0.346423304,0.659143264,0.31271996
33,80,161,1412,1048,235,45,84,604,775,99,0.259225262,0.365155131,0.698323203,0.333168071
35,75,161,1400,1059,209,38,94,611,800,101,0.255009107,0.358287796,0.687905891,0.329618095
37,74,161,1401,1055,207,38,101,450,730,107,0.257489432,0.365190222,0.679398336,0.314208114
39,87,161,1319,965,208,33,113,592,818,341,0.246403886,0.360919111,0.682365705,0.321446594
41,97,161,1551,1024,258,56,213,528,905,66,0.281488203,0.4646098,0.808929111,0.344319311
43,84,161,1588,1132,273,60,123,563,754,105,0.281610215,0.416740557,0.763564162,0.346823605
45,54,161,1367,996,230,41,100,499,819,65,0.252307124,0.365263935,0.68062645,0.315362515
47,88,161,1390,982,239,54,115,480,874,213,0.257121717,0.385127636,0.70283066,0.317703024
49,71,161,1423,1055,221,41,106,409,625,83,0.26386056,0.379009828,0.694763016,0.315753189
51,90,161,1445,1016,266,31,132,614,902,99,0.263830564,0.396019719,0.73405945,0.338039731
53,81,161,1388,1015,206,29,138,657,786,143,0.258184524,0.384300595,0.723269599,0.338969004
55,95,161,1552,1035,291,41,185,549,745,100,0.280346821,0.447976879,0.793252146,0.345275267
57,75,161,1310,987,199,44,80,509,840,100,0.244038748,0.342213115,0.65172477,0.309511656
59,96,161,1415,992,240,47,136,567,967,154,0.260253816,0.396726136,0.726839394,0.330113258
61,67,161,1446,1082,232,36,96,432,673,52,0.262384322,0.369805843,0.685807862,0.316002019
63,84,161,1342,933,242,49,118,492,880,169,0.247191011,0.375023024,0.684768,0.309744976
65,83,161,1451,981,234,22,214,604,908,69,0.263005256,0.429762552,0.765492008,0.335729456
67,71,161,1467,1072,250,44,101,462,746,69,0.263469828,0.378591954,0.698492452,0.319900498
69,62,161,1359,976,213,41,129,530,819,130,0.253497482,0.380712554,0.701371185,0.320658632
71,72,161,1348,945,241,24,138,538,904,93,0.250371471,0.380943536,0.699417025,0.318473489
73,86,161,1386,927,266,39,154,589,1154,153,0.252781324,0.399781142,0.725044646,0.325263505
75,95,161,1488,1003,320,21,144,595,707,41,0.27064387,0.415060022,0.756927739,0.341867717
77,69,161,1401,941,284,24,152,641,834,135,0.258106116,0.403279293,0.73974329,0.336463997
79,87,161,1334,941,246,25,122,479,922,207,0.245853299,0.367858459,0.674886402,0.307027942
81,54,161,1275,919,199,20,137,504,869,69,0.237961926,0.359275849,0.66275589,0.303480041
83,84,161,1419,983,275,40,121,486,944,137,0.259462425,0.390747852,0.710647096,0.319899244
85,68,161,1397,951,271,27,148,461,787,95,0.256990434,0.398454746,0.713530208,0.315075462
87,63,161,1281,930,201,22,128,485,996,83,0.234486546,0.349624748,0.646531272,0.296906523
89,74,161,1470,1088,229,23,130,502,831,137,0.269329425,0.391168926,0.72204141,0.330872483
91,75,161,1465,1005,316,44,100,498,879,107,0.266946064,0.395225948,0.723157788,0.327931841
93,77,161,1305,914,250,24,117,578,789,153,0.243515581,0.364620265,0.681783816,0.317163551
95,99,161,1665,1089,335,23,218,671,844,160,0.293082204,0.475268439,0.843026625,0.367758186
97,85,161,1625,1018,343,19,245,670,1052,90,0.286697248,0.483592096,0.845693705,0.362101609
99,86,161,1589,1046,301,22,220,617,955,118,0.28599712,0.466882649,0.824245358,0.357362709
101,78,161,1415,959,294,27,135,494,967,103,0.259919177,0.398236591,0.719725307,0.321488717
103,76,161,1553,970,321,28,234,558,1081,115,0.27594172,0.467661692,0.808916137,0.341254446
105,78,161,1417,924,282,40,171,573,1197,112,0.259144111,0.419166057,0.748581717,0.32941566
107,69,161,1433,898,289,34,212,458,1049,108,0.261448641,0.44261996,0.761023732,0.318403772
109,63,161,1450,1030,285,30,105,500,978,118,0.263876251,0.383985441,0.709256501,0.325271059
111,87,161,1541,1017,294,25,205,631,1007,99,0.277357811,0.449964003,0.804110809,0.354146806
113,69,161,1414,977,253,22,162,559,1022,90,0.256857402,0.399091735,0.727602788,0.328511053
115,95,161,1488,976,289,20,203,519,1035,161,0.266810113,0.435000897,0.768871604,0.333870708
117,75,161,1409,989,238,22,160,486,1044,87,0.256368268,0.395014556,0.717319083,0.322304527
119,72,161,1300,875,263,20,142,537,1109,86,0.243902439,0.380675422,0.700020013,0.319344591
121,94,161,1518,967,348,36,167,472,1089,79,0.271945539,0.436940165,0.768975218,0.332035054
123,55,161,1418,953,297,35,133,456,1115,102,0.253033547,0.389721627,0.703663779,0.313942151
125,100,161,1440,950,281,29,180,593,980,53,0.263929619,0.425036657,0.763319947,0.33828329
127,72,161,1428,980,267,39,142,415,1066,63,0.260441364,0.401057815,0.722184576,0.321126761
129,67,161,1438,969,290,34,145,513,1083,58,0.259989152,0.403362864,0.731769555,0.328406692
131,83,161,1484,981,292,27,184,531,922,59,0.268743209,0.431365447,0.768707014,0.337341566
133,84,161,1397,859,302,28,208,543,1371,76,0.25404619,0.432624113,0.758919387,0.326295274
135,59,161,1376,964,269,26,117,534,1095,81,0.250591878,0.372973957,0.695591451,0.322617493
137,75,161,1318,900,270,23,125,574,1226,88,0.241790497,0.368556228,0.686172469,0.317616241
139,62,161,1364,916,289,34,125,499,1142,90,0.251799889,0.386930035,0.705202793,0.318272758
141,80,161,1319,886,257,22,154,470,1323,106,0.242418673,0.382650248,0.691238797,0.308588549
143,99,162,1398,995,232,34,137,639,947,148,0.253950954,0.383106267,0.714649236,0.331542969
145,95,162,1473,1115,219,29,110,497,795,109,0.262847966,0.371163455,0.69406134,0.322897886
147,71,162,1381,1000,218,29,134,476,979,51,0.249008294,0.371258565,0.679627877,0.308369313
149,60,162,1330,994,198,26,112,401,966,88,0.243723658,0.351108668,0.64660201,0.295493342
151,81,162,1418,1068,240,35,75,531,796,100,0.258853596,0.356516977,0.68086379,0.324346813
153,89,162,1472,1060,235,30,147,581,799,114,0.26700526,0.40050789,0.737396633,0.336888743
155,77,162,1400,1023,228,38,111,537,952,83,0.255707763,0.372054795,0.69424375,0.322188955
157,85,162,1400,998,213,32,157,509,722,28,0.254175744,0.389978214,0.707245955,0.317267741
159,74,162,1399,985,229,40,145,563,977,110,0.253166848,0.387803113,0.71002351,0.322220397
161,80,162,1435,1075,212,17,131,489,680,47,0.261289148,0.377640204,0.699325541,0.321685337
163,57,162,1397,1063,195,29,110,503,791,91,0.254555394,0.360787172,0.677929552,0.31714238
165,81,162,1441,1068,222,41,110,471,864,108,0.26252505,0.378028785,0.698834154,0.320805369
167,71,162,1286,985,183,22,96,597,735,43,0.23518654,0.329370885,0.639840794,0.310469909
169,88,162,1560,1162,238,46,114,514,828,55,0.273588215,0.391441599,0.725096683,0.333655084
171,72,162,1380,1021,228,38,93,548,869,107,0.251732944,0.358080992,0.677815652,0.31973466
173,84,162,1449,1073,236,31,109,569,811,104,0.263502455,0.377159484,0.709723755,0.332564272
175,72,162,1375,1009,200,35,131,436,784,67,0.246946839,0.366020115,0.66765236,0.301632245
177,76,162,1335,938,228,49,120,500,909,106,0.243969298,0.369334795,0.676602042,0.307267247
179,90,162,1315,941,205,37,132,568,876,164,0.246670418,0.373288314,0.692494959,0.319206645
181,108,162,1515,1076,278,37,124,691,916,168,0.271456728,0.401182584,0.752904523,0.351721939
183,88,162,1355,989,217,31,118,611,825,138,0.248487071,0.364569961,0.688778405,0.324208443
185,82,162,1430,1078,217,34,101,501,805,32,0.255951316,0.361195633,0.678376973,0.31718134
187,71,162,1324,1009,215,22,78,506,754,85,0.243875484,0.334684104,0.643024458,0.308340354
189,68,162,1343,921,242,34,146,553,922,65,0.249721086,0.388806248,0.708482525,0.319676277
191,79,162,1431,1072,208,17,134,613,863,102,0.255581354,0.370601893,0.69964246,0.329040567
193,75,162,1386,1041,216,24,105,490,834,74,0.251132452,0.356042761,0.66824113,0.312198369
195,80,162,1401,1090,195,50,66,530,719,150,0.256405564,0.346632504,0.668787992,0.322155489
197,55,162,1275,925,224,32,94,433,841,86,0.234893147,0.3399042,0.631322047,0.291417847
199,101,162,1505,1091,259,45,110,542,793,127,0.272250362,0.395079595,0.732311885,0.33723229
201,73,162,1327,1010,216,37,64,488,716,92,0.24715962,0.336934252,0.646819859,0.309885607
203,72,162,1432,1069,243,57,63,512,860,123,0.259608412,0.358593183,0.681088207,0.322495023
205,83,162,1448,1004,257,53,134,500,832,95,0.262747233,0.401560515,0.725633049,0.324072534
207,90,162,1490,1109,259,57,65,484,650,218,0.268953069,0.371480144,0.699169387,0.327689243
209,76,162,1390,1071,213,26,80,568,809,87,0.250225023,0.341134113,0.660912,0.319777887
211,81,162,1489,1070,271,37,111,534,796,64,0.265703069,0.38668808,0.716274264,0.329586184
213,81,162,1405,968,263,60,114,515,839,187,0.254068716,0.38517179,0.702789656,0.317617866
215,75,162,1474,992,294,50,138,478,877,88,0.259735683,0.402114537,0.719358158,0.317243621
217,101,162,1548,1040,266,56,186,573,806,135,0.279120087,0.447890371,0.794515637,0.346625266
219,69,162,1397,983,245,49,120,602,1057,133,0.249375223,0.374866119,0.697077596,0.322211476
221,83,162,1490,1086,252,56,96,489,823,134,0.26958567,0.387552017,0.716508134,0.328956117
223,90,162,1568,1070,254,52,192,559,666,42,0.278359666,0.444168294,0.787676046,0.343507752
225,102,162,1549,1027,299,77,146,522,687,170,0.276903826,0.436181623,0.774801636,0.338620013
227,100,162,1576,1078,267,47,184,533,681,93,0.28117752,0.444067797,0.78766506,0.343597263
229,94,162,1497,1058,265,39,135,596,904,154,0.27016784,0.405161523,0.746207637,0.341046114
231,79,162,1461,1117,224,48,72,562,746,110,0.264099783,0.3609906,0.692956468,0.331965868
233,95,162,1435,1008,251,27,149,610,818,137,0.263932316,0.402243884,0.740428108,0.338184224
235,66,162,1332,972,227,47,86,549,829,100,0.245168415,0.351739371,0.666182701,0.31444333
237,84,162,1349,1024,208,42,75,536,848,152,0.251679104,0.348134328,0.667842605,0.319708277
239,69,162,1351,965,263,44,79,420,713,97,0.249492151,0.358079409,0.661592691,0.303513282
241,86,162,1520,1139,218,34,129,563,695,90,0.271380111,0.391537225,0.729467141,0.337929916
243,93,162,1530,1054,265,38,173,520,805,95,0.276372832,0.431719653,0.770226919,0.338507266
245,69,162,1304,973,200,31,100,433,800,144,0.245066717,0.350685961,0.652562916,0.301876955
247,80,162,1494,1066,250,43,135,478,762,73,0.269189189,0.402702703,0.729842716,0.327140013
249,79,162,1443,1016,220,24,183,556,834,106,0.26284153,0.411657559,0.742289382,0.330631823
251,88,162,1563,1114,242,43,164,589,843,100,0.281621622,0.429369369,0.779915061,0.350545691
253,82,162,1544,1130,256,46,112,526,693,66,0.278499278,0.401875902,0.742897319,0.341021417
255,67,162,1490,1056,250,52,132,515,725,126,0.268759019,0.404040404,0.734953096,0.330912692
257,53,162,1362,980,253,34,95,448,663,75,0.251152499,0.362898765,0.671193774,0.308295009
259,90,162,1407,982,250,61,114,547,865,237,0.257456542,0.38810613,0.713122763,0.325016633
261,91,162,1517,1074,272,54,117,472,708,140,0.269688889,0.399644444,0.725870457,0.326226013
263,74,162,1541,1091,300,49,101,451,781,117,0.27478602,0.39978602,0.728553143,0.328767123
265,70,162,1408,1024,255,38,91,399,670,68,0.258633358,0.36958119,0.678840133,0.309258942
267,86,162,1555,1018,298,36,203,455,745,131,0.275075181,0.448257562,0.777334183,0.329076621
269,83,162,1424,1040,212,35,137,506,824,175,0.259144677,0.385259327,0.706872391,0.321613064
271,89,162,1411,1028,215,22,146,554,869,151,0.256219357,0.382785546,0.706989472,0.324203927
273,61,162,1375,1031,228,34,82,470,817,131,0.250958204,0.349881365,0.660017523,0.310136157
275,88,162,1487,1095,222,32,138,528,804,151,0.263559022,0.387628501,0.714208727,0.326580227
277,65,162,1361,1011,227,26,97,456,1005,137,0.247005445,0.350453721,0.655012889,0.304559169
279,84,162,1535,1089,272,40,134,447,862,161,0.273423584,0.407730673,0.734739418,0.327008744
281,87,162,1393,1017,213,30,133,607,915,130,0.253318785,0.375522822,0.703069498,0.327546675
283,89,162,1536,1098,271,31,136,547,736,42,0.274481773,0.406897784,0.745982922,0.339085138
285,87,162,1523,1069,266,52,136,533,866,136,0.273183857,0.412735426,0.749343154,0.336607728
287,83,162,1489,1035,237,40,177,470,807,93,0.266368515,0.418067979,0.741335305,0.323267327
289,60,162,1427,1001,234,44,148,474,887,38,0.257395382,0.395562771,0.711448447,0.315885676
291,68,162,1286,899,211,27,149,582,948,232,0.236049927,0.366740088,0.676524499,0.309784411
293,64,162,1354,1009,204,26,115,447,750,63,0.248668503,0.359044995,0.664713699,0.305668703
295,88,162,1489,1096,218,45,130,582,847,146,0.272112573,0.399671053,0.741758928,0.342087876
297,74,162,1274,896,236,35,107,588,1006,154,0.238889931,0.356459779,0.670933685,0.314473906
299,68,162,1314,1004,172,26,112,436,1031,141,0.241366642,0.344232182,0.64185123,0.297619048
301,79,162,1324,946,206,30,142,619,990,140,0.246600857,0.375488918,0.699971216,0.324482298
303,98,162,1492,1014,283,27,168,601,800,61,0.269022719,0.420663541,0.761154838,0.340491297
305,70,162,1467,1050,241,22,154,509,835,41,0.260106383,0.392553191,0.713906257,0.321353066
307,70,162,1451,1085,249,31,86,605,691,109,0.264974434,0.368882396,0.706984682,0.338102286
309,87,162,1556,1086,281,57,132,475,665,101,0.276868327,0.417615658,0.750839612,0.333223954
311,91,162,1535,1073,269,40,153,533,686,84,0.272598118,0.416089505,0.751585935,0.335496431
313,60,162,1280,891,247,31,111,460,840,144,0.23988006,0.360194903,0.660401942,0.300207039
315,80,162,1338,966,234,27,111,555,896,140,0.246772409,0.361305791,0.678019862,0.316714071
317,80,162,1465,1097,222,67,79,494,837,105,0.26405912,0.370944484,0.695174872,0.324230387
319,90,162,1400,1033,235,25,107,500,1001,149,0.257447591,0.36888562,0.688858675,0.319973055
321,75,162,1412,1044,237,33,98,438,841,96,0.255011739,0.362831858,0.672455289,0.309623431
323,66,162,1499,1132,229,26,112,528,980,126,0.265309735,0.374513274,0.702612983,0.328099709
325,85,162,1374,957,234,23,160,620,884,51,0.251832845,0.391129032,0.719305464,0.328176432
327,81,162,1363,972,211,30,150,556,928,80,0.249177331,0.380987203,0.699440572,0.318453369
329,104,162,1529,1042,254,46,187,602,941,106,0.270907158,0.431608788,0.772787142,0.341178354
331,81,162,1473,1067,259,33,114,437,735,39,0.264832794,0.384753686,0.703140083,0.318386398
333,77,162,1415,971,257,29,158,568,871,145,0.259299982,0.403884918,0.733013549,0.329128631
335,66,162,1359,992,213,28,126,553,849,72,0.245928339,0.36301122,0.677536635,0.314525415
337,89,162,1385,988,249,34,114,576,856,159,0.255017492,0.376357945,0.702810417,0.326452472
339,95,162,1434,1051,226,28,129,539,846,136,0.260632497,0.382224646,0.708826202,0.326601556
341,75,162,1343,917,238,47,141,527,1095,122,0.24520723,0.383056418,0.694515445,0.311459027
343,62,162,1263,900,217,31,115,488,962,99,0.23302583,0.348154982,0.644532774,0.296377793
345,90,162,1364,965,215,31,153,648,902,106,0.250643146,0.385887541,0.71626521,0.330377668
347,91,162,1384,920,261,49,154,473,840,128,0.251636364,0.400909091,0.711808137,0.310899046
349,77,162,1475,1056,230,34,155,508,861,117,0.264289554,0.401003404,0.726672644,0.32566924
351,86,162,1404,988,237,35,144,586,920,177,0.253612717,0.387102601,0.712159772,0.325057171
353,73,162,1373,997,232,14,130,478,966,155,0.250959605,0.369767867,0.680912597,0.31114473
355,64,162,1366,949,273,33,111,569,929,152,0.250366569,0.373533724,0.69469555,0.321161826
357,83,162,1394,982,269,29,114,536,1087,148,0.253408471,0.375022723,0.694717936,0.319695213
359,92,162,1387,948,236,36,167,671,860,109,0.255291736,0.404196576,0.74135254,0.337155963
361,87,162,1447,985,234,30,198,613,885,138,0.262518142,0.42362119,0.759947721,0.336326531
363,71,162,1446,954,257,39,196,501,977,81,0.261435545,0.428313144,0.751091659,0.322778515
365,76,162,1370,969,213,25,163,553,983,139,0.252069917,0.390432383,0.711574667,0.321142285
367,87,162,1479,1004,248,43,184,511,1088,103,0.267498644,0.427744619,0.757214818,0.329470199
369,76,162,1386,998,238,28,122,526,936,162,0.252689152,0.37301732,0.691100834,0.318083514
371,91,162,1467,998,310,39,120,501,918,166,0.265424281,0.400759906,0.727236349,0.326476443
373,80,162,1390,922,248,51,169,587,1109,111,0.253881279,0.410410959,0.736540949,0.32612999
375,65,162,1419,1049,209,48,113,577,992,198,0.260080645,0.378115836,0.708962844,0.330847008
377,95,162,1449,1054,252,49,94,644,933,248,0.263454545,0.378363636,0.719021188,0.340657552
379,78,162,1554,1081,273,26,174,606,825,77,0.278195489,0.429824561,0.778661771,0.348837209
381,77,162,1427,935,283,36,173,487,971,138,0.257674251,0.415492958,0.733169306,0.317676349
383,98,162,1535,1004,274,32,225,653,913,106,0.27172951,0.451053284,0.798244652,0.347191368
385,91,162,1552,1071,272,46,163,598,1040,176,0.275911111,0.427555556,0.773048083,0.345492528
387,89,162,1445,994,239,16,196,604,949,105,0.262202867,0.418072945,0.753150623,0.335077678
389,78,162,1499,1008,282,48,161,500,863,174,0.272149601,0.428467683,0.761190719,0.332723036
391,96,162,1514,984,277,38,215,555,970,126,0.268677906,0.445785271,0.780034059,0.334248788
393,94,162,1346,1005,217,25,99,437,947,131,0.247836494,0.351684773,0.65553617,0.303851397
395,83,162,1353,969,227,44,113,550,1023,121,0.248256881,0.368256881,0.685423547,0.317166667
397,89,162,1569,1096,310,39,124,623,728,65,0.282957619,0.420018034,0.775400654,0.35538262
399,78,162,1435,1038,235,28,134,416,866,97,0.260672116,0.386557675,0.699173787,0.312616112
401,87,162,1409,1012,258,26,113,439,911,159,0.256741983,0.375,0.686793487,0.311793487
403,104,162,1474,1045,251,22,156,580,926,129,0.263120314,0.399321671,0.731576605,0.332254934
405,93,162,1438,1034,235,45,124,472,921,136,0.260838019,0.387266461,0.706397622,0.319131161
407,86,162,1316,952,239,28,97,530,860,144,0.23857868,0.344815083,0.650140919,0.305325835
409,87,162,1351,903,280,21,147,504,934,158,0.246128621,0.385133904,0.694661687,0.309527782
411,92,162,1365,931,241,52,141,508,1071,87,0.24958859,0.390016456,0.703384367,0.31336791
413,83,162,1571,1107,326,30,108,643,755,56,0.277267914,0.402576774,0.753504021,0.350927247
415,73,162,1340,966,221,26,127,499,934,74,0.245286473,0.365000915,0.673454454,0.308453539
417,92,162,1428,1059,227,41,101,554,897,154,0.260821918,0.37260274,0.701347142,0.328744402
419,80,162,1542,1112,278,35,117,478,743,111,0.276294571,0.401540942,0.73492929,0.333388348
421,73,162,1417,1017,237,29,134,489,838,81,0.257075472,0.383526851,0.701140582,0.317613731
423,89,162,1449,1002,265,40,142,521,923,144,0.259630891,0.397778176,0.720623145,0.322844969
425,77,162,1474,1062,240,36,136,406,869,151,0.263214286,0.391785714,0.704806027,0.313020313
427,75,162,1301,966,209,32,94,548,997,179,0.241866518,0.345045547,0.657007754,0.311962207
429,85,162,1363,979,227,43,114,576,1024,235,0.249954154,0.37007152,0.691683728,0.321612208
431,77,162,1410,1043,237,27,103,582,915,108,0.254742547,0.363143631,0.68879346,0.325649828
433,75,162,1429,1028,243,35,123,509,902,138,0.257292042,0.380086424,0.699730165,0.319643741
435,70,162,1398,1029,255,41,73,517,844,221,0.255950201,0.357744416,0.678032089,0.320287674
437,80,162,1448,1037,237,27,147,566,1000,69,0.259964093,0.391382406,0.719609264,0.328226858
439,77,162,1465,1048,266,41,110,458,836,107,0.267092069,0.390701914,0.714275867,0.323573953
441,74,162,1408,997,247,36,128,519,821,164,0.25586044,0.383608941,0.703602298,0.319993358
443,67,162,1322,948,208,19,147,427,1027,119,0.241108882,0.366405253,0.662344339,0.295939086
445,77,162,1419,1035,251,26,107,596,749,105,0.259225429,0.373218853,0.705179314,0.331960461
447,86,162,1479,999,263,50,167,526,970,111,0.264626946,0.419216318,0.747098575,0.327882257
449,74,162,1419,978,250,27,164,488,1006,124,0.257953099,0.402654063,0.721071161,0.318417098
451,93,162,1366,1038,191,29,108,583,957,126,0.252588757,0.358542899,0.683864215,0.325321315
453,98,162,1433,998,259,50,126,620,901,124,0.262984034,0.398238209,0.736514696,0.338276487
455,75,162,1345,941,215,48,141,471,973,95,0.246201721,0.380560132,0.686593162,0.30603303
457,67,162,1421,966,256,29,170,528,974,50,0.253568879,0.400606709,0.718447544,0.317840835
459,81,162,1396,1007,245,29,115,448,928,94,0.255210238,0.373674589,0.685266343,0.311591754
461,57,162,1390,1049,236,26,79,449,888,84,0.254113346,0.350091408,0.660785782,0.310694374
463,82,162,1475,1027,290,41,117,523,969,119,0.264147564,0.393624642,0.72079019,0.327165548
465,95,162,1557,1105,270,42,140,526,747,107,0.280237581,0.419546436,0.762032461,0.342486024
467,84,162,1342,918,246,19,159,642,981,151,0.24805915,0.388724584,0.716550096,0.327825512
469,85,162,1539,1043,288,31,177,596,1039,102,0.269857969,0.424338068,0.763280757,0.338942689
471,98,162,1391,982,223,48,138,493,924,126,0.253832117,0.387591241,0.703010628,0.315419387
473,90,162,1418,994,281,44,99,563,888,125,0.25970696,0.381684982,0.710590843,0.328905861
475,63,162,1333,1026,201,34,72,503,899,142,0.248323398,0.338673621,0.651397178,0.312723556
477,72,162,1254,885,259,17,93,572,956,129,0.234831461,0.341947566,0.650810894,0.308863329
479,96,162,1409,977,272,54,106,569,872,110,0.254930342,0.381219468,0.705694534,0.324475066
481,72,162,1330,969,220,36,105,435,1067,112,0.243768328,0.355021994,0.654631568,0.299609574
483,89,162,1423,996,243,36,148,647,827,89,0.259434822,0.397812215,0.735385601,0.337573386
485,72,162,1306,996,202,20,88,416,882,160,0.243475019,0.337807606,0.635731482,0.297923875
487,76,162,1495,1117,227,24,127,448,885,144,0.266014235,0.382740214,0.702944564,0.320204351
489,72,162,1411,1010,284,42,75,439,741,131,0.256498818,0.3642974,0.675745212,0.311447811
491,90,162,1544,1138,275,27,104,527,834,123,0.276603368,0.391436761,0.730444782,0.339008021
493,96,162,1389,1004,219,24,142,707,831,143,0.257842955,0.386485985,0.730430849,0.343944864
495,77,162,1387,939,266,23,159,550,1036,81,0.250496659,0.392992595,0.711211751,0.318219156
497,104,162,1444,1007,239,29,169,560,946,125,0.261831369,0.407615594,0.737492137,0.329876543
499,67,162,1507,1028,278,59,142,388,944,146,0.273155701,0.422149719,0.743064198,0.320914479
501,85,162,1459,996,288,37,138,497,911,103,0.267020498,0.409040996,0.737173859,0.328132864
503,59,162,1350,927,228,37,158,448,879,79,0.247797357,0.390234949,0.695187459,0.30495251
505,75,162,1482,1055,267,50,110,536,972,92,0.267075149,0.392683366,0.724318535,0.331635168
507,103,162,1534,1064,269,33,168,516,930,120,0.276048227,0.427028972,0.764588663,0.33755969
509,85,162,1470,1002,287,24,157,655,930,73,0.266884532,0.413217139,0.758016749,0.344799611
511,71,162,1399,1002,259,24,114,564,930,169,0.259506585,0.379892413,0.709531372,0.329638959
513,76,162,1547,1111,264,31,141,488,843,159,0.275315893,0.408613632,0.741837801,0.333224169
515,84,162,1455,1001,294,35,125,428,936,100,0.263491489,0.397319812,0.7137904,0.316470588
517,71,162,1480,1071,261,27,121,493,850,83,0.264238529,0.385288341,0.709049418,0.323761076
519,68,162,1408,969,260,21,158,622,1048,131,0.254014072,0.394010464,0.723288647,0.329278183
521,86,162,1472,968,284,39,181,483,984,113,0.267150635,0.431397459,0.757611375,0.326213916
523,96,162,1514,1025,264,28,197,530,1032,83,0.269682936,0.431955825,0.764638116,0.332682292
525,81,162,1398,912,259,36,191,604,1134,171,0.256278643,0.421998167,0.752415727,0.330417561
527,80,162,1413,993,240,30,150,553,1122,99,0.257002546,0.393415788,0.718320762,0.324904974
529,90,162,1396,998,215,33,150,516,1190,124,0.252076562,0.384073673,0.699897921,0.315824248
531,71,162,1515,1054,267,47,147,445,1069,97,0.269668921,0.41242435,0.735696658,0.323272307
533,73,162,1509,1019,319,33,138,510,989,126,0.266372462,0.407413945,0.734377508,0.326963563
535,68,162,1400,981,245,21,153,615,1189,113,0.253027291,0.38785469,0.715603551,0.327748861
537,85,162,1631,1083,308,31,209,642,1020,91,0.283356498,0.45656706,0.811834331,0.355267271
539,53,162,1413,931,257,21,204,546,1268,87,0.255515371,0.420253165,0.742669228,0.322416063
541,78,162,1633,1136,332,47,118,576,958,143,0.287854751,0.42534814,0.7788447,0.353496559
543,78,162,1492,945,283,21,243,640,1114,58,0.265008881,0.452220249,0.792252147,0.340031898
545,101,162,1490,1011,268,37,174,597,1160,108,0.269536903,0.425832127,0.766566821,0.340734694
547,76,162,1386,948,269,27,142,518,1113,190,0.25273523,0.389314369,0.70654196,0.317227591
549,92,162,1410,974,272,28,136,686,1074,115,0.259238831,0.394557823,0.736761905,0.342204082
551,88,162,1488,1039,242,33,174,498,1079,131,0.268398268,0.418109668,0.746808774,0.328699106
553,88,162,1448,993,274,28,153,550,1029,97,0.262128892,0.404960174,0.73390321,0.328943036
555,79,162,1440,968,291,52,129,481,1161,160,0.26167545,0.403779756,0.724802484,0.321022727
557,90,162,1415,940,266,37,172,642,1120,121,0.257976299,0.414038286,0.749765396,0.33572711
559,84,162,1531,1066,279,25,161,617,953,126,0.272032694,0.416311301,0.760266465,0.343955164
561,78,162,1684,1094,373,32,185,514,1044,68,0.291299083,0.462895693,0.812061698,0.349166005
563,68,162,1522,1045,305,40,132,495,1121,151,0.270145545,0.408768193,0.737859399,0.329091206
565,65,162,1451,957,274,23,197,642,1181,71,0.259617105,0.422615853,0.758516992,0.335901139
567,77,162,1547,1022,311,27,187,500,1116,72,0.273756857,0.43762166,0.770413076,0.332791416
569,65,162,1353,913,235,46,159,489,1239,73,0.246403205,0.392824622,0.700851378,0.308026756
571,77,162,1441,977,298,28,138,608,1107,95,0.262190684,0.401928675,0.737610196,0.33568152
573,54,162,1381,954,277,36,114,525,1120,115,0.248470673,0.37279597,0.686128207,0.313332237
575,83,162,1374,979,209,27,159,447,1056,137,0.25169445,0.387250412,0.695580924,0.308330511
577,65,162,1348,889,280,32,147,439,1058,91,0.248800295,0.393687708,0.69879271,0.305105003
579,75,162,1482,1034,286,36,126,508,1080,97,0.263841908,0.394872708,0.719770667,0.324897959
581,85,162,1530,1042,314,27,147,510,1028,93,0.271758437,0.415452931,0.747700488,0.332247557
583,92,162,1568,990,338,35,205,541,1049,72,0.279950009,0.462595965,0.805969459,0.343373494
585,65,162,1494,994,306,29,165,455,1070,122,0.263771186,0.415430791,0.733946888,0.318516097
587,114,162,1625,1097,290,31,207,653,1025,153,0.287967393,0.460393408,0.822210434,0.361817027
589,63,162,1450,1029,267,43,111,473,1107,120,0.261026103,0.384518452,0.703529733,0.319011281
591,100,162,1566,1015,289,46,216,588,1045,137,0.276776246,0.45864263,0.803503341,0.344860711
593,67,162,1411,932,255,35,189,571,1170,60,0.257387815,0.420102152,0.747543091,0.327440938
595,64,162,1465,1027,266,44,128,479,1145,92,0.262638939,0.394944425,0.71589539,0.320950966
597,77,162,1480,1017,253,23,187,594,1030,167,0.265852344,0.420334112,0.756967775,0.336633663
599,77,162,1539,1032,302,44,161,631,1081,125,0.274919614,0.430868167,0.779238692,0.348370525
601,86,162,1507,994,307,18,188,696,1028,109,0.270896998,0.433938522,0.785911681,0.351973159
603,78,162,1572,1049,299,21,203,615,890,107,0.27887174,0.4474011,0.797209161,0.349808061
605,75,162,1563,1066,298,37,162,499,810,110,0.276931254,0.428951099,0.764617711,0.335666612
607,98,162,1568,1037,302,36,193,718,978,104,0.281609195,0.452765805,0.816431093,0.363665288
609,79,162,1499,971,263,21,244,610,1095,130,0.26902369,0.455132807,0.796284538,0.341151731
611,95,162,1653,1090,304,29,230,611,937,111,0.292514599,0.47867634,0.840222172,0.361545832
613,85,162,1466,961,282,44,179,535,975,97,0.265243351,0.429346843,0.762734122,0.333387279
615,65,162,1426,948,272,23,183,632,1120,93,0.255693025,0.41115295,0.745965886,0.334812936
617,72,162,1547,973,289,36,249,673,1129,114,0.277737882,0.476660682,0.837236853,0.36057617
619,67,162,1475,952,310,35,178,476,1048,58,0.266485998,0.431616983,0.757596568,0.325979585
621,65,162,1386,898,304,40,144,611,1117,102,0.251497006,0.399564507,0.728598846,0.329034338
623,76,162,1413,940,279,37,157,602,1177,131,0.254136691,0.402338129,0.732045376,0.329707247
625,95,162,1481,962,259,25,235,675,1253,87,0.270354144,0.455458196,0.811579023,0.356120827
627,74,162,1508,992,310,22,184,558,900,126,0.271760678,0.435033339,0.775613049,0.34057971
629,95,162,1615,1041,325,33,216,591,960,119,0.286043216,0.470067304,0.825759321,0.355692017
631,79,162,1553,1028,307,41,177,562,982,83,0.275159461,0.438164422,0.780812882,0.34264846
633,69,162,1516,1026,325,49,116,556,1021,90,0.269991095,0.40730187,0.744044718,0.336742848
635,71,162,1601,1063,330,35,173,580,922,69,0.283463173,0.446175637,0.79771958,0.351543943
637,92,162,1494,967,284,35,208,587,1052,71,0.267024129,0.441823056,0.782540188,0.340717131
639,88,162,1409,915,268,32,194,577,1077,67,0.26063633,0.429707732,0.765990918,0.336283186
641,73,162,1663,1065,324,61,213,511,1027,132,0.292267135,0.482952548,0.837040001,0.354087452
643,93,162,1500,950,313,29,208,581,1119,64,0.271345876,0.45133864,0.798316574,0.346977934
645,68,162,1378,866,273,30,209,488,1399,66,0.251093294,0.426020408,0.744613208,0.3185928
647,82,162,1361,923,273,18,147,545,1062,66,0.249313061,0.386700861,0.709603875,0.322903014
649,62,162,1333,891,256,25,161,467,1106,93,0.246943312,0.393108559,0.705996107,0.312887548
651,90,162,1493,914,304,40,235,625,1090,57,0.266037063,0.460085531,0.801987439,0.341901908
653,75,162,1447,988,275,26,158,494,1001,116,0.260673752,0.404972077,0.731773697,0.326801619
655,83,162,1463,920,300,29,214,520,998,123,0.267752562,0.450768668,0.785087708,0.334319041
657,66,162,1439,949,291,60,139,466,972,133,0.259888026,0.409427488,0.729925603,0.320498116
659,85,162,1514,984,328,38,164,495,1083,146,0.272302158,0.433453237,0.770143184,0.336689946
661,116,162,1637,1120,310,38,169,614,989,174,0.288204225,0.445422535,0.805366513,0.359943978
663,73,162,1566,971,326,23,246,548,1093,97,0.275461741,0.470712401,0.814732517,0.344020116
665,98,162,1471,982,283,41,165,643,1016,92,0.267066086,0.423202614,0.769221163,0.346018548
667,78,162,1386,899,297,21,169,583,1188,116,0.253382084,0.408043876,0.738454657,0.330410781
669,79,162,1433,975,280,32,146,595,1130,177,0.26073508,0.403020378,0.739901527,0.336881148
671,92,162,1464,994,286,29,155,428,940,96,0.263593806,0.409254591,0.729208531,0.31995394
673,83,162,1432,934,300,36,162,575,1104,118,0.261361562,0.417959482,0.752215424,0.334255943
675,95,162,1465,932,300,35,198,616,961,74,0.266509005,0.441877388,0.786339667,0.344462279
677,99,162,1603,1086,333,32,152,462,805,117,0.282317718,0.432546671,0.773260274,0.340713603
679,93,162,1560,1002,348,33,177,545,944,80,0.276595745,0.444148936,0.78915686,0.345007924
681,74,162,1349,876,255,26,192,542,1000,52,0.248755301,0.411580306,0.732867435,0.321287129
683,103,162,1450,938,279,28,205,609,1008,46,0.260885211,0.431810004,0.770990358,0.339180354
685,72,162,1510,949,304,27,230,554,1055,62,0.268778925,0.455322179,0.79364172,0.338319542
687,84,162,1467,965,303,47,152,531,1006,76,0.263375224,0.416517056,0.746139515,0.329622459
689,88,162,1431,933,302,24,172,492,1158,73,0.259286103,0.416198587,0.739270471,0.323071885
691,74,162,1472,913,330,31,198,619,1134,63,0.26676332,0.44545125,0.789597709,0.344146459
693,87,162,1466,937,308,30,191,557,1021,66,0.262582841,0.431130217,0.767286152,0.336155935
695,68,162,1423,937,266,24,196,547,1221,99,0.256488825,0.419069935,0.747945217,0.328875282
697,86,162,1448,930,325,27,166,651,1155,72,0.261230381,0.419447952,0.762059691,0.342611739
699,64,162,1442,1025,257,32,128,565,1073,76,0.260712349,0.388175737,0.72134765,0.333171913
701,77,162,1473,1014,276,33,150,476,838,129,0.268452706,0.412793876,0.743161318,0.330367441
703,86,162,1445,903,303,19,220,519,916,77,0.263349736,0.445780937,0.776984868,0.331203931
705,43,162,1312,919,201,39,153,443,1099,98,0.240029272,0.375045737,0.675129001,0.300083264
707,90,162,1567,1049,318,45,155,512,1027,94,0.277099912,0.431476569,0.772450781,0.340974212
709,93,162,1509,1047,290,33,139,586,989,108,0.271354073,0.410357849,0.754257945,0.343900096
711,71,162,1506,957,274,36,239,488,1052,65,0.265889831,0.453566384,0.783603073,0.330036688
713,51,162,1401,933,295,38,135,441,1022,53,0.252705628,0.392676768,0.702566152,0.309889384
715,89,162,1508,936,308,29,235,489,1080,66,0.267945984,0.458244492,0.786311556,0.328067064
717,68,162,1531,964,331,34,202,568,1181,44,0.274520351,0.454724762,0.79997813,0.345253368
719,92,162,1458,941,294,36,187,590,999,89,0.266642282,0.436174104,0.777933948,0.341759844
721,67,162,1361,907,276,27,151,496,925,109,0.248629887,0.391669711,0.705018502,0.313348791
723,86,162,1505,964,303,23,215,645,1133,100,0.266702109,0.442849548,0.788281338,0.34543179
725,91,162,1500,970,314,33,183,705,874,43,0.2704652,0.437973314,0.795205821,0.357232507
727,92,162,1603,1132,272,37,162,450,942,143,0.28246696,0.42907489,0.769834627,0.340759737
729,98,162,1613,993,373,25,222,659,1189,68,0.281993007,0.472377622,0.83236532,0.359987698
731,80,162,1565,1007,345,29,184,606,1009,94,0.27572234,0.44397463,0.7952711,0.35129647
733,58,162,1432,992,261,29,150,461,1057,67,0.258577104,0.397435897,0.719536339,0.322100442
735,101,162,1483,940,281,20,242,670,982,84,0.26831916,0.45775285,0.810684729,0.352931879
737,63,162,1544,1112,276,20,136,492,1058,110,0.269835722,0.396364907,0.727270544,0.330905636
739,77,162,1419,910,291,27,191,606,1094,67,0.255675676,0.421081081,0.753561899,0.332480818
741,79,162,1506,966,323,23,194,419,920,65,0.26969914,0.440007163,0.764309298,0.324302135
743,83,162,1499,1033,306,32,128,512,918,96,0.272446383,0.409487459,0.748420749,0.33893329
745,81,162,1413,892,327,19,175,531,1162,79,0.259361233,0.422723935,0.753922622,0.331198686
747,88,162,1494,1010,282,35,167,639,1083,116,0.26957777,0.423493324,0.771893769,0.348400446
749,82,162,1416,978,269,39,130,600,977,99,0.25736096,0.39131225,0.724430495,0.333118245
751,100,162,1494,1011,287,26,170,534,947,83,0.269772481,0.423076923,0.761867651,0.338790728
753,74,162,1492,980,296,27,189,447,902,83,0.2687804,0.43397586,0.761018853,0.327042993
755,99,162,1450,974,253,23,200,435,1002,137,0.262253572,0.424850787,0.747240806,0.32239002
757,71,162,1521,1025,283,45,168,384,1038,66,0.271510175,0.428061407,0.749519295,0.321457889
759,95,162,1520,1065,278,30,147,447,848,161,0.27027027,0.408783784,0.73391817,0.325134387
761,95,162,1552,1048,259,16,229,637,989,84,0.275960171,0.449857752,0.80457,0.354712247
763,69,162,1408,955,289,34,130,466,986,102,0.255674596,0.391320138,0.708586563,0.317266425
765,79,162,1528,928,311,29,260,495,1112,67,0.267319804,0.4683345,0.797534945,0.329200445
767,76,162,1506,977,331,38,160,504,965,76,0.266784765,0.423914969,0.755227778,0.331312809
769,66,162,1496,1013,271,46,166,395,928,121,0.267764453,0.421872203,0.740908825,0.319036622
771,76,162,1504,968,325,54,157,561,1108,85,0.270406329,0.432937792,0.77413882,0.341201028
773,82,162,1407,931,275,27,174,585,1076,79,0.254845137,0.40898388,0.740710787,0.331726908
775,75,162,1400,899,301,20,180,502,1233,71,0.257684521,0.419841708,0.746695085,0.326853377
777,85,162,1518,967,294,41,216,626,1203,92,0.266924565,0.44698435,0.794008529,0.347024179
779,88,162,1465,968,298,38,161,564,1104,123,0.262733142,0.416427547,0.748690273,0.332262727
781,70,162,1556,1084,288,20,164,474,878,121,0.277361854,0.423529412,0.762832413,0.339303001
783,90,162,1586,1039,291,20,236,502,1056,93,0.280360615,0.464026869,0.806073411,0.342046541
785,95,162,1548,1011,294,40,203,430,1133,60,0.27437079,0.448599787,0.777382495,0.328782708
787,89,162,1539,1042,309,29,159,486,914,148,0.27438046,0.424852915,0.758778602,0.333925687
789,97,162,1608,1050,327,21,210,649,1053,139,0.284551407,0.461334277,0.824050365,0.362716088
791,78,162,1540,1060,266,42,172,404,974,106,0.271604938,0.424338624,0.749358867,0.325020243
793,80,162,1571,1008,357,23,183,505,1061,53,0.277610885,0.445838487,0.784181948,0.33834346
795,90,162,1350,853,286,40,171,532,1111,109,0.250092627,0.412930715,0.733691675,0.320760959
797,85,162,1530,1011,340,28,151,500,1054,86,0.271132376,0.421584264,0.754381691,0.332797428
799,71,162,1504,925,340,38,201,521,1332,105,0.267282744,0.448373911,0.784311411,0.3359375
801,82,162,1544,1104,276,35,129,511,864,137,0.275075717,0.40566542,0.742642912,0.336977492
803,88,162,1543,1045,294,27,177,549,981,200,0.27528992,0.432114184,0.774597427,0.342483243
805,68,162,1463,962,322,31,148,463,1135,68,0.262704256,0.41138445,0.735888837,0.324504387
807,78,162,1513,1080,279,13,141,506,909,56,0.273648038,0.405317417,0.742774686,0.337457268
809,69,162,1529,1051,306,30,142,500,939,144,0.271532587,0.412182561,0.745676537,0.333493976
811,72,162,1341,882,249,20,190,532,1149,78,0.246462047,0.404337438,0.721994204,0.317656766
813,88,162,1652,1073,352,50,177,474,1054,103,0.286955011,0.457703665,0.802302528,0.344598863
815,94,162,1578,1108,324,23,123,507,883,139,0.284119553,0.41717681,0.761808662,0.344631852
817,94,162,1656,1097,326,32,201,637,991,123,0.28966241,0.463354906,0.82891149,0.365556583
819,88,162,1629,1170,284,22,153,389,861,81,0.286593948,0.42505278,0.761894885,0.336842105
821,75,162,1460,947,298,36,179,503,1224,88,0.262826283,0.42610261,0.75407532,0.32797271
823,82,162,1355,831,318,47,159,587,1287,58,0.250508412,0.414864115,0.741900909,0.327036794
825,74,162,1351,871,269,24,187,560,1125,85,0.247209515,0.407868253,0.728502654,0.320634402
827,84,162,1455,1018,271,29,137,543,1032,126,0.264257174,0.398656012,0.731608703,0.332952692
829,89,162,1491,1007,274,38,172,619,1024,138,0.265965037,0.420442383,0.760851064,0.340408681
831,67,162,1454,966,314,21,153,474,1039,57,0.258351102,0.403162758,0.723027535,0.319864778
833,72,162,1452,1010,311,37,94,452,1044,108,0.261952012,0.382283962,0.702967385,0.320683424
835,95,162,1565,1006,353,33,173,646,1068,120,0.279664046,0.447283774,0.805143831,0.357860056
837,74,162,1529,995,293,41,200,572,1076,63,0.271051232,0.443892927,0.784315082,0.340422155
839,100,162,1486,1028,274,25,159,481,987,129,0.268231047,0.412815884,0.742556208,0.329740323
841,61,162,1498,1069,285,20,124,417,890,90,0.265461634,0.388977494,0.70705567,0.318078176
843,79,162,1619,1014,376,35,194,595,1207,81,0.282646648,0.462115922,0.81568735,0.353571429
845,70,162,1408,883,307,45,173,571,1298,102,0.253009883,0.417610063,0.742038772,0.324428709
847,78,162,1349,886,280,25,158,531,1129,96,0.246979129,0.394177957,0.711739974,0.317562017
849,87,162,1493,1013,296,25,159,568,1226,75,0.267946877,0.415649677,0.75592523,0.340275553
851,95,162,1511,1049,278,39,145,607,1068,116,0.270207439,0.411659514,0.757520598,0.345861085
853,70,162,1472,1033,295,49,95,526,928,122,0.269943151,0.394278379,0.729368988,0.33509061
855,75,162,1315,878,265,31,141,586,1182,82,0.242396313,0.380645161,0.701418425,0.320773263
857,91,162,1436,953,294,29,160,528,1041,75,0.262763038,0.415004575,0.747135131,0.332130556
859,64,162,1508,1022,307,19,160,517,1013,76,0.268422926,0.415272339,0.747105136,0.331832797
861,79,162,1410,960,246,20,184,534,1022,113,0.258099945,0.411495515,0.74045583,0.328960315
863,65,162,1432,961,276,51,144,457,1091,88,0.258857556,0.40527838,0.723767577,0.318489197
865,103,162,1604,1014,325,21,244,663,1014,111,0.283392226,0.477561837,0.839313708,0.36175187
867,85,162,1430,971,280,19,160,421,1093,89,0.257983042,0.401948403,0.715635047,0.313686644
869,87,162,1436,889,296,27,224,472,1253,149,0.259862468,0.44480637,0.764392305,0.319585935
871,65,162,1366,851,301,34,180,589,1529,86,0.249588891,0.41567696,0.740326911,0.324649951
873,75,162,1414,940,298,27,149,479,1236,55,0.256531205,0.401487663,0.721112602,0.319624938
875,83,162,1452,955,270,54,173,585,1274,99,0.262567812,0.42477396,0.76041577,0.33564181
877,76,162,1348,963,252,25,108,415,1025,100,0.247248716,0.362068966,0.664986827,0.302917861
879,77,162,1471,963,293,33,182,546,1216,81,0.262397431,0.423831609,0.758547627,0.334716018
881,97,162,1451,961,290,34,166,560,1064,108,0.259989249,0.41336678,0.74536614,0.33199936
883,90,162,1338,946,236,24,132,538,1183,124,0.246227457,0.371365477,0.688768245,0.317402769
885,86,162,1456,1003,285,18,150,541,1027,79,0.262721039,0.401840491,0.733445869,0.331605378
887,66,162,1440,1022,264,21,133,424,1056,76,0.259272596,0.386208138,0.701824396,0.315616258
889,88,162,1467,1006,263,21,177,467,922,160,0.26750547,0.419948942,0.751689219,0.331740277
891,81,162,1515,1023,308,32,152,546,1147,69,0.268474216,0.415204678,0.750398427,0.335193749
893,80,162,1363,913,276,19,155,466,1070,104,0.248360058,0.390306122,0.70157536,0.311269237
895,95,162,1485,977,275,32,201,662,1136,103,0.266750494,0.435961918,0.785788581,0.349826662
897,61,162,1274,930,227,16,101,459,1184,142,0.23553337,0.339434276,0.637399637,0.297965361
899,90,162,1556,1101,268,25,162,511,986,123,0.276131322,0.418811003,0.757001555,0.338190552
901,94,162,1357,855,293,37,172,531,1249,133,0.250322819,0.413207895,0.735569787,0.322361892
903,71,162,1423,954,285,36,148,425,1202,69,0.256442602,0.400792936,0.715064524,0.314271589
905,73,162,1429,952,274,40,163,555,1201,118,0.257756133,0.40981241,0.739005958,0.329193548
907,56,162,1442,1010,309,28,95,401,1164,118,0.257591997,0.373704895,0.684293517,0.310588622
909,77,162,1477,1021,309,39,108,571,1085,130,0.26375,0.390714286,0.725483026,0.33476874
911,72,162,1325,906,277,35,107,489,1308,108,0.244419849,0.367644346,0.676261581,0.308617234
913,86,162,1327,900,282,24,121,448,1122,85,0.241888443,0.368209989,0.671245318,0.303035329
915,69,162,1434,957,273,13,191,452,1120,81,0.256759176,0.412891674,0.728938641,0.316046967
917,79,162,1387,965,252,16,154,475,989,81,0.252090149,0.387677208,0.706327937,0.318650729
919,95,162,1540,1040,297,34,169,521,1143,49,0.276829049,0.433579004,0.773329854,0.339750849
921,86,162,1394,916,289,34,155,442,1086,135,0.252856884,0.401959006,0.714479708,0.312520702
923,97,162,1452,930,267,33,222,627,1138,147,0.263138818,0.444182675,0.787563855,0.34338118
925,67,162,1263,879,253,22,109,435,1280,125,0.232982844,0.348090758,0.640473636,0.292382878
927,96,162,1599,1047,310,32,210,475,930,143,0.282558756,0.459975261,0.799576675,0.339601414
929,81,162,1416,911,307,33,165,539,1266,93,0.259245698,0.418161845,0.746073789,0.327911943
931,61,162,1297,859,265,36,137,447,1235,94,0.239696914,0.377933838,0.679537214,0.301603376
933,64,162,1526,1002,306,52,166,450,1213,100,0.273623812,0.43643536,0.766163318,0.329727958
935,86,162,1369,961,269,23,116,481,1156,104,0.251746966,0.373666789,0.690192001,0.316525212
937,83,162,1442,901,300,39,202,466,1240,158,0.259492532,0.436566493,0.761550227,0.324983735
939,81,162,1414,957,271,28,158,454,1094,116,0.255050505,0.399531025,0.716088402,0.316557377
941,76,162,1339,903,272,43,121,539,1238,155,0.246956842,0.379933604,0.699325239,0.319391635
943,88,162,1526,1040,290,37,159,533,1192,91,0.271433654,0.421024546,0.758566499,0.337541953
945,93,162,1375,875,270,16,214,480,1315,58,0.247302158,0.417086331,0.728360841,0.31127451
947,85,162,1409,941,228,29,211,461,1203,109,0.25534614,0.42189199,0.740148569,0.318256579
949,88,162,1467,986,279,39,163,511,1103,59,0.267896275,0.422388605,0.756927484,0.334538879
951,89,162,1518,1036,273,22,187,449,1113,134,0.274205202,0.432803468,0.764435281,0.331631813
953,95,162,1462,924,280,13,245,565,1176,93,0.264663287,0.453113686,0.79004917,0.336935484
955,75,162,1285,868,241,27,149,466,1259,104,0.233891518,0.368947943,0.664549603,0.29560166
957,93,162,1526,991,303,32,200,478,1103,91,0.272987478,0.445974955,0.779578063,0.333603108
959,81,162,1468,1005,302,31,130,519,1142,62,0.25863284,0.391472868,0.714669811,0.323196943
961,63,162,1385,981,237,19,148,411,1207,105,0.248966385,0.378213194,0.680392851,0.302179657
963,74,162,1511,1033,283,36,159,427,1204,112,0.26986962,0.418467583,0.741122422,0.322654838
965,62,162,1257,912,219,31,95,432,1232,78,0.230684529,0.334556799,0.627194733,0.292637934
967,74,162,1318,893,263,32,130,512,1384,114,0.237093002,0.366073035,0.671727893,0.305654859
969,94,162,1345,876,273,35,161,469,1330,94,0.245169522,0.395734597,0.708975704,0.313241107
971,76,162,1446,1024,280,35,107,469,1078,67,0.260446686,0.381304035,0.701526912,0.320222878
973,86,162,1365,918,259,27,161,464,1192,88,0.251103753,0.397534952,0.710129031,0.312594079
975,97,162,1566,996,363,29,178,581,1308,123,0.277119094,0.446115732,0.795344564,0.349228832
977,92,162,1391,907,290,23,171,562,1283,117,0.25452882,0.409881061,0.73658468,0.326703619
979,51,162,1307,877,266,16,148,426,1535,110,0.239508888,0.375481034,0.674325835,0.298844802
981,78,162,1476,1003,270,39,164,523,1221,82,0.264137437,0.414459556,0.743400581,0.328941025
983,85,162,1321,906,247,24,144,466,1214,115,0.242429804,0.37584878,0.682772881,0.306924101
985,71,162,1318,864,249,17,188,529,1353,49,0.23713566,0.389528607,0.695093202,0.305564595
987,64,162,1379,955,259,47,118,398,1165,86,0.248378963,0.375720461,0.677594735,0.301874274
989,73,162,1315,857,270,31,157,442,1477,65,0.238743646,0.38453159,0.684118025,0.299586435
991,66,162,1551,1017,307,41,186,397,1281,85,0.27637206,0.445117605,0.772062732,0.326945127
993,77,162,1399,987,254,36,122,501,1419,58,0.252618274,0.377573131,0.694111656,0.316538524
995,79,162,1306,887,275,19,125,516,1264,101,0.238669591,0.364400585,0.672649024,0.308248439
997,88,162,1436,975,275,30,156,520,1244,104,0.259393064,0.404443642,0.734156723,0.329713082
999,88,162,1407,976,257,42,132,427,1245,56,0.254752852,0.388194822,0.698853544,0.310658722
1001,96,162,1403,959,265,27,152,517,1304,101,0.253157705,0.392998917,0.713986572,0.320987654
1003,71,162,1355,930,282,20,123,535,1337,63,0.244100162,0.368582237,0.684083365,0.315501128
1005,85,162,1411,962,284,23,142,504,1189,104,0.25309417,0.388699552,0.705879454,0.317179903
1007,70,162,1317,895,240,19,163,495,1442,122,0.241784469,0.382595924,0.692060536,0.309464611
1009,98,162,1464,974,304,31,155,492,1266,81,0.259023355,0.406050955,0.728198606,0.322147651
1011,84,162,1349,929,247,26,147,452,1133,112,0.245406585,0.380025468,0.686866182,0.306840714
1013,87,162,1328,913,247,32,136,396,1232,96,0.243669725,0.37559633,0.675933031,0.3003367
1015,67,162,1400,1001,260,28,111,417,1162,105,0.256410256,0.375274725,0.689164078,0.313889353
1017,88,163,1375,1016,202,37,120,571,772,72,0.248508946,0.36345563,0.682262969,0.318807339
1019,68,163,1372,1043,203,31,95,509,801,119,0.254027032,0.355860026,0.674134138,0.318274112
1021,82,163,1530,1192,190,37,111,520,791,74,0.271661932,0.377663352,0.71088832,0.333224967
1023,99,163,1493,1005,270,46,172,582,835,74,0.267227492,0.42437802,0.760737236,0.336359215
1025,63,163,1399,1029,255,41,74,498,817,135,0.250223574,0.350205688,0.661751097,0.31154541
1027,98,163,1541,1077,264,52,148,483,855,180,0.27221339,0.415650945,0.745078028,0.329427083
1029,89,163,1445,1031,256,45,113,537,852,156,0.261965192,0.386149384,0.713590322,0.327440938
1031,92,163,1462,1081,209,24,148,492,846,123,0.262571839,0.388469828,0.710912072,0.322442244
1033,84,163,1543,1115,232,53,143,645,844,75,0.273194051,0.408994334,0.756682241,0.347687907
1035,76,163,1616,1202,263,27,124,480,589,91,0.28400703,0.405096661,0.744804927,0.339708266
1037,95,163,1599,1065,277,41,216,484,714,84,0.278911565,0.454561312,0.789610371,0.335049059
1039,82,163,1482,1042,297,41,102,509,733,138,0.264124042,0.386205667,0.711532465,0.325326797
1041,81,163,1384,1050,207,34,93,482,822,179,0.250407092,0.350642301,0.6611765,0.310534199
1043,77,163,1429,1048,242,33,106,442,767,119,0.254723708,0.36631016,0.675464159,0.309153999
1045,89,163,1555,1069,275,68,143,460,816,193,0.273430631,0.421135924,0.748938104,0.32780218
1047,85,163,1386,956,247,37,146,471,843,108,0.253382084,0.39213894,0.70471258,0.312573641
1049,86,163,1540,1039,285,35,181,496,848,110,0.269419174,0.426522043,0.75427478,0.327752737
1051,81,163,1400,985,260,48,107,454,1053,189,0.251211197,0.372689754,0.680305483,0.307615729
1053,84,163,1521,1069,259,32,161,446,923,100,0.270303892,0.413541852,0.737434491,0.32389264
1055,88,163,1557,972,299,29,257,645,915,76,0.273686061,0.471963438,0.819611054,0.347647616
1057,90,163,1494,998,250,34,212,601,1223,65,0.264471588,0.433351036,0.768551036,0.3352
1059,89,163,1540,1061,292,26,161,678,1040,102,0.273631841,0.420575693,0.772304205,0.351728513
1061,80,163,1516,989,291,38,198,551,916,127,0.271441361,0.4435094,0.780373807,0.336864407
1063,96,163,1536,978,312,37,209,569,1125,164,0.271906532,0.451230306,0.789763597,0.33853329
1065,85,163,1545,1007,302,36,200,559,995,100,0.274179237,0.447027507,0.790282731,0.343255225
1067,71,163,1516,1063,277,24,152,431,902,89,0.26760812,0.405472198,0.728735526,0.323263328
1069,73,163,1453,881,335,15,222,611,1303,72,0.261096137,0.446361186,0.785058016,0.33869683
1071,90,163,1591,1071,313,36,171,622,1152,100,0.279564224,0.437357231,0.79137126,0.35401403
1073,89,163,1458,914,296,13,235,540,1016,67,0.262560778,0.447505853,0.779764437,0.332258585
1075,86,163,1443,980,245,35,183,540,1114,72,0.260469314,0.416425993,0.747170329,0.330744337
1077,92,163,1421,937,296,23,165,589,1171,73,0.256590827,0.407728422,0.736773131,0.329044709
1079,74,164,1334,923,263,53,95,563,914,155,0.240837696,0.35890955,0.669791229,0.310881678
